<?xml version="1.0" encoding="UTF-8"?>
<project-private xmlns="http://www.netbeans.org/ns/project-private/1">
    <editor-bookmarks xmlns="http://www.netbeans.org/ns/editor-bookmarks/2" lastBookmarkId="0"/>
    <open-files xmlns="http://www.netbeans.org/ns/projectui-open-files/2">
        <group>
            <file>file:/D:/KULIAH%20MID%20ONLY%20255/Algoritma%202/Array/src/main/SinglyLinkedList.java</file>
            <file>file:/D:/KULIAH%20MID%20ONLY%20255/Algoritma%202/Array/src/main/SinglyLinkedListApp.java</file>
            <file>file:/D:/KULIAH%20MID%20ONLY%20255/Algoritma%202/Array/src/main/Node.java</file>
        </group>
    </open-files>
</project-private>
